iteration,stability,complexity,refinement,data_size
1,8.026084775520442,0.8154662832664648,2.0,8
2,1.1978621766888948,0.8344805998874999,1.0161713882881973,8
3,0.30816629726224987,0.8993404075622695,0.6037533524122597,8
4,0.3263766530685186,0.8962598355919518,0.6113182443302352,8
5,0.30326989551037364,0.8107634605156955,0.5570166780130346,8
