time,breathing,heart,entities,phi,conf
0,13.6,73,5,0.4980183978162538,71
1,13.6,73,5,0.4971359514344568,71
2,13.6,73,5,0.49780438402083993,71
3,13.6,73,5,0.4988956038306873,71
4,13.6,73,5,0.4985656457948858,71
5,13.6,73,5,0.49741679556834234,71
6,13.6,73,5,0.4973496311602519,71
7,13.6,73,5,0.4985011297783949,71
8,13.6,73,5,0.49899502255596745,71
9,13.6,73,5,0.4980311984490986,71