{
  "epoch": 1,
  "steps": 100,
  "metrics": {
    "epochs": 0,
    "steps": 100,
    "avg_loss": [
      0.5017888097389505,
      0.5037268209659338,
      0.5028438193625515,
      0.5079259101314406,
      0.5099999965327804,
      0.5119890102510269,
      0.5139984352027449,
      0.5159948195951645,
      0.5171780733671669,
      0.5199725913841051,
      0.5214119818201697,
      0.5239641343488428,
      0.5259877352172537,
      0.5279998814819271,
      0.5274232369222168,
      0.530958124482748,
      0.5339995147273705,
      0.5359837232466378,
      0.5379777799390705,
      0.5399947684791107,
      0.5419999583487484,
      0.5439648078436116,
      0.5459988915102523,
      0.5450217860551657,
      0.54999999931421,
      0.551878502694418,
      0.5539735505204273,
      0.5559786929526553,
      0.5579953979883105,
      0.5563913838435798,
      0.5592170366445779,
      0.563999926469596,
      0.562462019444308,
      0.5679447468543478,
      0.5699975831675478,
      0.5710871988429868,
      0.5739946747551669,
      0.5739877261487605,
      0.576356397315289,
      0.5797365725512638,
      0.5819993681397843,
      0.583966260740284,
      0.5844700819909932,
      0.5845089228819023,
      0.5898856214359194,
      0.5918890917806938,
      0.5939991941085319,
      0.5959838995645121,
      0.596575656578221,
      0.5999943212093397,
      0.6019993120069665,
      0.5992460389792702,
      0.6059989918634807,
      0.6079393043065907,
      0.6097274803073851,
      0.6110264098457583,
      0.613313468111959,
      0.6159742512643478,
      0.6179987470692886,
      0.6198339811203974,
      0.6219742368249066,
      0.6239923708714565,
      0.625543088747828,
      0.6210481239050766,
      0.6299922792625823,
      0.6319999758789109,
      0.6338938790663046,
      0.6343859796080866,
      0.6379989245343248,
      0.6399691115663892,
      0.6419944815985205,
      0.6433467171475761,
      0.6448715763070663,
      0.6479959685024115,
      0.6499914338905234,
      0.6475214052153688,
      0.6538935037716502,
      0.6483624576621989,
      0.6579995390334991,
      0.6599999648423968,
      0.6587160801065862,
      0.6639998244772383,
      0.6659948116804711,
      0.6679995259664544,
      0.6695042527761228,
      0.6646724920995288,
      0.673998870115619,
      0.6747569583182458,
      0.6779776804753761,
      0.679998525682767,
      0.681999999311562,
      0.6831947182913716,
      0.6856958073205245,
      0.6879938213116886,
      0.6895323532121366,
      0.6919238343350382,
      0.6939882917275891,
      0.6958382096788951,
      0.6979366476349457,
      0.6972482519332693
    ],
    "fitness": [
      0.7594235560553124,
      0.7425851084501931,
      0.7665917905744246,
      0.7682566924149041,
      0.7613940127858196,
      0.759475316659078,
      0.7205784949618046,
      0.766145089894616,
      0.7242189539722395,
      0.7546601597897342,
      0.698238488599173,
      0.7155973717773871,
      0.7058854764852589,
      0.6932774573186614,
      0.6763874145932834,
      0.6891769283242322,
      0.7036949716156946,
      0.6683920380588051,
      0.7089334518290864,
      0.6834922436775368,
      0.7052421638606357,
      0.6828239863942556,
      0.63832115356744,
      0.6397851265168563,
      0.6454105242914205,
      0.6539378573133705,
      0.6244263512966632,
      0.6481421169190007,
      0.6309474686534283,
      0.6080486165438705,
      0.5924229014399363,
      0.6195219317726914,
      0.6336198697084037,
      0.5907814351206944,
      0.6222190655885389,
      0.6221913949619651,
      0.5840038437539301,
      0.6112336243020593,
      0.6006982358369284,
      0.5464473724974306,
      0.5513974308313088,
      0.542480925880523,
      0.5518947090089972,
      0.5788446436798174,
      0.5126086110741799,
      0.5644446524623499,
      0.5531434996930167,
      0.5293925013561138,
      0.5095814324866426,
      0.5119927741614739,
      0.5541215860281353,
      0.5028177553545732,
      0.5370627571175948,
      0.5519801762237244,
      0.5429158905063094,
      0.50153038572054,
      0.5125414567870321,
      0.513753052772352,
      0.5113475189703954,
      0.5181551306132577,
      0.48923578368993514,
      0.5313073864871662,
      0.4690652449406024,
      0.5006426470066934,
      0.4878323870646069,
      0.46356220694615496,
      0.47075318641064506,
      0.4954058376066855,
      0.4631981034856616,
      0.49784497348100093,
      0.4981623711042084,
      0.4748881244711057,
      0.4911616111337045,
      0.45261355254818664,
      0.48519297057787275,
      0.4558028299249998,
      0.4760137016099924,
      0.43608492748652716,
      0.48159416109235803,
      0.4808518086098545,
      0.4566506208064187,
      0.42872428357351133,
      0.4699544163693201,
      0.4738052307708231,
      0.46235153776424015,
      0.42719637798795473,
      0.46015050955901554,
      0.4133173907941667,
      0.42626295220121546,
      0.436900132951078,
      0.4278672371217955,
      0.40602137793725335,
      0.4249161875566335,
      0.4216181689712437,
      0.40120907114046567,
      0.4285629602956259,
      0.39494492042838425,
      0.39321334376376055,
      0.3879525195854688,
      0.43678460714193557
    ],
    "complexity": [
      1.0,
      1.0,
      1.0,
      1.0,
      1.0,
      1.0,
      1.0,
      1.0,
      1.0,
      1.0,
      1.0,
      1.0,
      1.0,
      1.0,
      1.0,
      1.0,
      1.0,
      1.0,
      1.0,
      1.0,
      1.0,
      1.0,
      1.0,
      1.0,
      1.0,
      1.0,
      1.0,
      1.0,
      1.0,
      1.0,
      1.0,
      1.0,
      1.0,
      1.0,
      1.0,
      1.0,
      1.0,
      1.0,
      1.0,
      1.0,
      1.0,
      1.0,
      1.0,
      1.0,
      1.0,
      1.0,
      1.0,
      1.0,
      1.0,
      1.0,
      1.0,
      1.0,
      1.0,
      1.0,
      1.0,
      1.0,
      1.0,
      1.0,
      1.0,
      1.0,
      1.0,
      1.0,
      1.0,
      1.0,
      1.0,
      1.0,
      1.0,
      1.0,
      1.0,
      1.0,
      1.0,
      1.0,
      1.0,
      1.0,
      1.0,
      1.0,
      1.0,
      1.0,
      1.0,
      1.0,
      1.0,
      1.0,
      1.0,
      1.0,
      1.0,
      1.0,
      1.0,
      1.0,
      1.0,
      1.0,
      1.0,
      1.0,
      1.0,
      1.0,
      1.0,
      1.0,
      1.0,
      1.0,
      1.0,
      1.0
    ],