{
  "epoch": 2,
  "steps": 200,
  "metrics": {
    "epochs": 1,
    "steps": 200,
    "avg_loss": [
      0.5017888097389505,
      0.5037268209659338,
      0.5028438193625515,
      0.5079259101314406,
      0.5099999965327804,
      0.5119890102510269,
      0.5139984352027449,
      0.5159948195951645,
      0.5171780733671669,
      0.5199725913841051,
      0.5214119818201697,
      0.5239641343488428,
      0.5259877352172537,
      0.5279998814819271,
      0.5274232369222168,
      0.530958124482748,
      0.5339995147273705,
      0.5359837232466378,
      0.5379777799390705,
      0.5399947684791107,
      0.5419999583487484,
      0.5439648078436116,
      0.5459988915102523,
      0.5450217860551657,
      0.54999999931421,
      0.551878502694418,
      0.5539735505204273,
      0.5559786929526553,
      0.5579953979883105,
      0.5563913838435798,
      0.5592170366445779,
      0.563999926469596,
      0.562462019444308,
      0.5679447468543478,
      0.5699975831675478,
      0.5710871988429868,
      0.5739946747551669,
      0.5739877261487605,
      0.576356397315289,
      0.5797365725512638,
      0.5819993681397843,
      0.583966260740284,
      0.5844700819909932,
      0.5845089228819023,
      0.5898856214359194,
      0.5918890917806938,
      0.5939991941085319,
      0.5959838995645121,
      0.596575656578221,
      0.5999943212093397,
      0.6019993120069665,
      0.5992460389792702,
      0.6059989918634807,
      0.6079393043065907,
      0.6097274803073851,
      0.6110264098457583,
      0.613313468111959,
      0.6159742512643478,
      0.6179987470692886,
      0.6198339811203974,
      0.6219742368249066,
      0.6239923708714565,
      0.625543088747828,
      0.6210481239050766,
      0.6299922792625823,
      0.6319999758789109,
      0.6338938790663046,
      0.6343859796080866,
      0.6379989245343248,
      0.6399691115663892,
      0.6419944815985205,
      0.6433467171475761,
      0.6448715763070663,
      0.6479959685024115,
      0.6499914338905234,
      0.6475214052153688,
      0.6538935037716502,
      0.6483624576621989,
      0.6579995390334991,
      0.6599999648423968,
      0.6587160801065862,
      0.6639998244772383,
      0.6659948116804711,
      0.6679995259664544,
      0.6695042527761228,
      0.6646724920995288,
      0.673998870115619,
      0.6747569583182458,
      0.6779776804753761,
      0.679998525682767,
      0.681999999311562,
      0.6831947182913716,
      0.6856958073205245,
      0.6879938213116886,
      0.6895323532121366,
      0.6919238343350382,
      0.6939882917275891,
      0.6958382096788951,
      0.6979366476349457,
      0.6972482519332693,
      0.7018238533929816,
      0.7036256246408805,
      0.7059940801210339,
      0.7077415583902967,
      0.709967286113754,
      0.7104047804809087,
      0.7132041458655517,
      0.7154242326435418,
      0.7179974012947561,
      0.719999995880069,
      0.7219990518001247,
      0.7237506473511058,
      0.725309859449209,
      0.7279589569551164,
      0.7283980645695324,
      0.7316579129021369,
      0.7287702957470054,
      0.7321956017048832,
      0.7374057792397315,
      0.7399999999888179,
      0.7411724232223578,
      0.7382073108479631,
      0.7459990926437627,
      0.7479999729705471,
      0.7499999630351251,
      0.7519100846074781,
      0.7539861654595061,
      0.7489534900322861,
      0.7579983775573585,
      0.7599989124092291,
      0.7581978684308126,
      0.7639806309687437,
      0.7659999427477717,
      0.76593611110173,
      0.7699549367953133,
      0.771594436056908,
      0.773998146731951,
      0.7759608397762688,
      0.7778998575833291,
      0.7799999973711256,
      0.7819949940175746,
      0.7839923470669538,
      0.7859832797710442,
      0.7879954902880614,
      0.7899970606849461,
      0.7919999266446653,
      0.7939996886343548,
      0.794726144573356,
      0.7832985523299418,
      0.7569673847348489,
      0.726214176170282,
      0.6945404591511903,
      0.6628607729252805,
      0.6312385960415947,
      0.5998167141904229,
      0.5685420344901321,
      0.5412445003217687,
      0.539874239412172,
      0.5699700717909816,
      0.604553393788866,
      0.6398867234218664,
      0.6754607270338702,
      0.7111303908736982,
      0.7467345645672926,
      0.7778355689464381,
      0.8177235165888945,
      0.8339186882620131,
      0.835995490814812,
      0.8368308491676126,
      0.8379317123117856,
      0.8381384727286825,
      0.8438020376248351,
      0.8454597376775456,
      0.8479976847571153,
      0.8499999179390532,
      0.850226608342458,
      0.8539872048376476,
      0.8545774929245012,
      0.8573434758446477,
      0.8599999511563926,
      0.8619951319546302,
      0.8622313160430439,
      0.8659996067061287,
      0.8679814516554808,
      0.8674529073122967,
      0.8686023398411317,
      0.8735102511142914,
      0.8759064961076781,
      0.8779942430563115,
      0.8799998496348821,
      0.8819807485465255,
      0.8839959116898217,
      0.8859998106154026,
      0.8879943140999755,
      0.8856703845994643,
      0.8919851012584867,
      0.8932739924616618,
      0.8959945369382568,
      0.8979978573142706,
      0.8999801220927349
    ],